2,2,Will,Will,Gregory,Gregory,reachwill@gmail.com,reachwill@gmail.com,2017-07-05T13:38:11+02:00,2017-07-05T13:38:11+02:00
7,7,Naby,Naby,Keita,Keita,naby@lfc.com,naby@lfc.com,2017-07-06T11:48:04+02:00,2017-07-06T11:48:04+02:00
3,3,Jurgen,Jurgen,Klopp,Klopp,jk@lfc.com,jk@lfc.com,2017-07-05T13:39:26+02:00,2017-07-05T13:39:26+02:00
4,4,Luis,Luis,Suarez,Suarez,ls@barca.com,ls@barca.com,2017-07-05T13:39:42+02:00,2017-07-05T13:39:42+02:00
6,6,Virgil,Virgil,"Van Dijk","Van Dijk",vvd@lfc.com,vvd@lfc.com,2017-07-06T11:47:08+02:00,2017-07-06T11:47:08+02:00
